"",,,,,Previous Retail,September 2020,September 2020,September 2020,September 2020
SKU,Product Name by Product Category,Previous PV,Previous BV,Previous IBOC,,,,,
"",,,,,Price,PV,BV,IBOC,Retail Price
100070,NutriliteTM Cholesterol Health,9.25,27.75,27.75,37.00,9.15,27.90,27.90,31.00
100346,NutriliteTM Kids Chewable Concentrated Fruits and Vegetables,7.25,22.50,22.50,30.00,7.38,22.50,22.50,25.00
100648,NutriliteTM Concentrated Fruits and Vegetables,12.00,37.50,37.50,50.00,12.39,37.80,37.80,42.00
102046,NutriliteTM Iron Folic,4.50,14.25,14.25,19.00,4.65,14.18,14.18,15.75
102735,NutriliteTM  ClearGuardTM  Dietary Supplement,6.00,18.75,18.75,25.00,6.20,18.90,18.90,21.00
104144,NutriliteTM Vision Health With Lutein,9.75,29.25,29.25,39.00,9.74,29.70,29.70,33.00
104276,NutriliteTM Kids Chewable Daily,4.50,14.25,14.25,19.00,4.65,14.18,14.18,15.75
104282,NutriliteTM Kids Brainiums DHATM Dietary Supplement – Fruit Punch Flavor,9.75,29.25,29.25,39.00,9.74,29.70,29.70,33.00
104664,NutriliteTM Joint Health - 30 Day Supply,9.00,28.50,28.50,38.00,9.44,28.80,28.80,32.00
123365,NutriliteTM Men’s Pack,11.05,33.15,33.15,39.00,10.92,33.30,33.30,37.00
123372,NutriliteTM Women’s Pack,11.05,33.15,33.15,39.00,10.92,33.30,33.30,37.00
106964,NutriliteTM Joint Health – 60-day supply,16.75,52.50,52.50,70.00,17.11,52.20,52.20,58.00
109536,NutriliteTM Multi Carotene,4.50,13.50,13.50,18.00,4.43,13.50,13.50,15.00
109747,NutriliteTM Vitamin C Extended Release,19.50,61.50,61.50,82.00,20.07,61.20,61.20,68.00
110101,WellsonaTM Brain Health Omega,11.00,34.50,34.50,46.00,11.21,34.20,34.20,38.00
110171,NutriliteTM Vitamin B Dual-Action,10.00,31.50,31.50,42.00,10.33,31.50,31.50,35.00
110415,NutriliteTM All Plant Protein Powder,13.50,40.50,40.50,54.00,13.28,40.50,40.50,45.00
110538,NutriliteTM  Twist Tubes 2GOTM – Fruits & Vegetables - Mango Citrus,6.90,20.70,20.70,23.00,6.79,20.70,20.70,23.00
110610,NutriliteTM Cal Mag D,11.25,35.25,35.25,47.00,11.51,35.10,35.10,39.00
110855,NutriliteTM Twist Tubes 2GOTM - Immunity Health,6.90,20.70,20.70,23.00,6.79,20.70,20.70,23.00
110857,NutriliteTM Twist Tubes 2GOTM - Joint Health,6.90,20.70,20.70,23.00,6.79,20.70,20.70,23.00
110922,NutriliteTM Twist Tubes 2GOTM -  Variety Pack,6.90,20.70,20.70,23.00,6.79,20.70,20.70,23.00
111044,NutriliteTM Wellness Bars - Coconut Almond,7.50,23.40,23.40,26.00,7.67,23.40,23.40,26.00
111045,NutriliteTM Wellness Bars - Nutty Dark Chocolate,7.50,23.40,23.40,26.00,7.67,23.40,23.40,26.00
111106,NutriliteTM Memory BuilderTM Dietary Supplement,15.25,45.75,45.75,61.00,15.05,45.90,45.90,51.00
112513,NutriliteTM Kids Brainiums DHATM Dietary Supplement – Strawberry Flavor,9.75,29.25,29.25,39.00,9.74,29.70,29.70,33.00
115409,NutriliteTM Kids Chewable Probiotic,7.25,21.75,21.75,29.00,7.08,21.60,21.60,24.00
119346,NutriliteTM Vitamin D,8.75,26.25,26.25,35.00,8.56,26.10,26.10,29.00
122971,NutriliteTM Vitamin B Blister Pack,3.40,10.20,10.20,12.00,3.32,10.13,10.13,11.25
123362,NutriliteTM Bone Health Pack,32.25,98.25,98.25,131.00,32.16,98.10,98.10,109.00
123364,NutriliteTM Double XTM Vitamin/Mineral/Phytonutrient Supplement – 10-Day Supply,6.80,20.40,20.40,24.00,6.79,20.70,20.70,23.00
123367,NutriliteTM Heart Health Pack,37.50,112.50,112.50,150.00,36.89,112.50,112.50,125.00
123377,NutriliteTM Perfect Pack,39.75,119.25,119.25,159.00,39.25,119.70,119.70,133.00
123842,NutriliteTM Ultra Focus Energy Pack,11.05,33.15,33.15,39.00,10.92,33.30,33.30,37.00
123843,NutriliteTM Immunity Pack,8.22,24.65,24.65,29.00,7.97,24.30,24.30,27.00
A0244,NutriliteTM Double XTM Vitamin/Mineral/Phytonutrient Supplement – 31-Day Refill,17.75,53.25,53.25,71.00,17.41,53.10,53.10,59.00
A4042,NutriliteTM Chewable Vitamin E,12.75,39.00,39.00,52.00,12.69,38.70,38.70,43.00
A4230,NutriliteTM Gluten-free Daily,11.33,35.70,35.70,42.00,11.80,36.00,36.00,40.00
A4300,NutriliteTM Double XTM Vitamin/Mineral/Phytonutrient Supplement – 31-Day Supply with 3-Compartment Case,18.25,54.75,54.75,73.00,18.00,54.90,54.90,61.00
A5353,NutriliteTM Kids Chewable Vitamin C,9.75,29.25,29.25,39.00,9.74,29.70,29.70,33.00
A5923,NutriliteTM Garlic Heart Care,9.75,30.75,30.75,41.00,10.03,30.60,30.60,34.00
A5986,NutriliteTM Immunity Echinacea,9.75,29.25,29.25,39.00,9.74,29.70,29.70,33.00
A7553,"NutriliteTM Hair, Skin and Nail Health",7.25,22.50,22.50,30.00,7.38,22.50,22.50,25.00
A8004,NutriliteTM Prostate Health,12.25,36.75,36.75,49.00,12.10,36.90,36.90,41.00
A8006,NutriliteTM PMS Women's Health,9.75,29.25,29.25,39.00,9.74,29.70,29.70,33.00
A8084,NutriliteTM Liver Support,9.75,29.25,29.25,39.00,9.74,29.70,29.70,33.00
A8085,NutriliteTM Menopause EaseTM Dietary Supplement,9.50,28.50,28.50,38.00,9.44,28.80,28.80,32.00
A8600,NutriliteTM Glucose Health,9.75,29.25,29.25,39.00,9.74,29.70,29.70,33.00
A8601,NutriliteTM Heart Health CoQ10,8.50,25.50,25.50,34.00,8.26,25.20,25.20,28.00
A8903,NutriliteTM Digestive Enzyme,13.75,43.50,43.50,58.00,14.16,43.20,43.20,48.00
A8914,NutriliteTM Balanced Health Omega,6.00,18.00,18.00,24.00,5.90,18.00,18.00,20.00
A8919,NutriliteTM Heart Health Omega,10.50,31.50,31.50,42.00,10.33,31.50,31.50,35.00
A8992,NutriliteTM Sleep Health,7.25,22.50,22.50,30.00,7.38,22.50,22.50,25.00
AA0114,NutriliteTM Digestive Probiotic,11.25,33.75,33.75,45.00,11.21,34.20,34.20,38.00
120571,NutriliteTM Balance WithinTM Probiotic,12.25,36.75,36.75,49.00,12.10,36.90,36.90,41.00
109745,NutriliteTM Vitamin C Extended Release - 60 Tablets,7.25,21.75,21.75,29.00,7.08,21.60,21.60,24.00
123843,NutriliteTM Immunity Pack,8.22,24.65,24.65,29.00,7.97,24.30,24.30,27.00
124484,NutriliteTM Daily – 60 Tablets,4.53,13.60,13.60,16.00,4.43,13.50,13.50,15.00
290215,NutriliteTM Strong Living Bundle,34.00,103.50,103.50,138.00,34.23,104.40,104.40,116.00
294984,NutriliteTM Double XTM Messenger Kit,39.67,75.15,170.00,173.60,22.31,68.04,107.10,114.66
100332,NutriliteTM Perfect Pack for Your Health - 30 day refill,35.75,108.75,108.75,145.00,35.70,108.90,108.90,121.00
123842  NutriliteTM Ultra Focus Energy Pack,,11.05,33.15,33.15,39.00,10.92,33.30,33.30,37.00
123843  NutriliteTM Immunity Pack,,8.22,24.65,24.65,29.00,7.97,24.30,24.30,27.00
A0244  NutriliteTM Double XTM Vitamin/Mineral/Phytonutrient Supplement – 31-Day Refill,,17.75,53.25,53.25,71.00,17.41,53.10,53.10,59.00
A4042  NutriliteTM Chewable Vitamin E,,12.75,39.00,39.00,52.00,12.69,38.70,38.70,43.00
A4230  NutriliteTM Gluten-free Daily,,11.33,35.70,35.70,42.00,11.80,36.00,36.00,40.00
A4300  NutriliteTM Double XTM Vitamin/Mineral/Phytonutrient Supplement – 31-Day Supply with 3-Compartment Case,,18.25,54.75,54.75,73.00,18.00,54.90,54.90,61.00
A5353  NutriliteTM Kids Chewable Vitamin C,,9.75,29.25,29.25,39.00,9.74,29.70,29.70,33.00
A5923  NutriliteTM Garlic Heart Care,,9.75,30.75,30.75,41.00,10.03,30.60,30.60,34.00
A5986  NutriliteTM Immunity Echinacea,,9.75,29.25,29.25,39.00,9.74,29.70,29.70,33.00
"A7553  NutriliteTM Hair, Skin and Nail Health",,7.25,22.50,22.50,30.00,7.38,22.50,22.50,25.00
A8004  NutriliteTM Prostate Health,,12.25,36.75,36.75,49.00,12.10,36.90,36.90,41.00
A8006  NutriliteTM PMS Women's Health,,9.75,29.25,29.25,39.00,9.74,29.70,29.70,33.00
A8084  NutriliteTM Liver Support,,9.75,29.25,29.25,39.00,9.74,29.70,29.70,33.00
A8085  NutriliteTM Menopause EaseTM Dietary Supplement,,9.50,28.50,28.50,38.00,9.44,28.80,28.80,32.00
A8600  NutriliteTM Glucose Health,,9.75,29.25,29.25,39.00,9.74,29.70,29.70,33.00
A8601  NutriliteTM Heart Health CoQ10,,8.50,25.50,25.50,34.00,8.26,25.20,25.20,28.00
A8903  NutriliteTM Digestive Enzyme,,13.75,43.50,43.50,58.00,14.16,43.20,43.20,48.00
A8914  NutriliteTM Balanced Health Omega,,6.00,18.00,18.00,24.00,5.90,18.00,18.00,20.00
A8919  NutriliteTM Heart Health Omega,,10.50,31.50,31.50,42.00,10.33,31.50,31.50,35.00
A8992  NutriliteTM Sleep Health,,7.25,22.50,22.50,30.00,7.38,22.50,22.50,25.00
AA0114  NutriliteTM Digestive Probiotic,,11.25,33.75,33.75,45.00,11.21,34.20,34.20,38.00
120571  NutriliteTM Balance WithinTM Probiotic,,12.25,36.75,36.75,49.00,12.10,36.90,36.90,41.00
109745  NutriliteTM Vitamin C Extended Release - 60 Tablets,,7.25,21.75,21.75,29.00,7.08,21.60,21.60,24.00
123843  NutriliteTM Immunity Pack,,8.22,24.65,24.65,29.00,7.97,24.30,24.30,27.00
124484  NutriliteTM Daily – 60 Tablets,,4.53,13.60,13.60,16.00,4.43,13.50,13.50,15.00
290215  NutriliteTM Strong Living Bundle,,34.00,103.50,103.50,138.00,34.23,104.40,104.40,116.00
294984  NutriliteTM Double XTM Messenger Kit,,39.67,75.15,170.00,173.60,22.31,68.04,107.10,114.66
100332  NutriliteTM Perfect Pack for Your Health - 30 day refill,,35.75,108.75,108.75,145.00,35.70,108.90,108.90,121.00
n* by NutiliteTM CATEGORY,,,,,,,,,
124504  n* by NutriliteTM Rays for Days - Sunny Vitamin D Gummies Dietary Supplement,,4.95,14.85,14.85,16.50,4.87,14.85,14.85,16.50
"124505  n* by NutriliteTM Less Stress, More Yes – Relax Gummies Dietary Supplement",,4.95,14.85,14.85,16.50,4.87,14.85,14.85,16.50
124506  n* by NutriliteTM Sweet Dreams – Sleep Gummies Dietary Supplement,,4.95,14.85,14.85,16.50,4.87,14.85,14.85,16.50
124555  n* by NutriliteTM Go Shield – Immunity Gummies Dietary Supplement,,4.95,14.85,14.85,16.50,4.87,14.85,14.85,16.50
"",,,,,Previous Retail,September 2020,September 2020,September 2020,September 2020
SKU,Product Name by Product Category,Previous PV,Previous BV,Previous IBOC,,,,,
"",,,,,Price,PV,BV,IBOC,Retail Price
124556,n* by NutriliteTM Slay the Day – Focus Gummies Dietary Supplement,4.95,14.85,14.85,16.50,4.87,14.85,14.85,16.50
124557,n* by NutriliteTM Slay the Day – Focus Shot Dietary Supplement,8.10,24.30,24.30,27.00,7.97,24.30,24.30,27.00
124558,n* by NutriliteTM Kombuch-Yeah! – Kombucha-style Drink Mix,6.00,18.00,18.00,20.00,5.90,18.00,18.00,20.00
124559,n* by NutriliteTM Take a Sec – Stress + Sleep Tea,3.45,10.35,10.35,11.50,3.39,10.35,10.35,11.50
124560,n* by NutriliteTM Focus! – Topical Essential Oil Blend,6.00,18.00,18.00,20.00,5.90,18.00,18.00,20.00
124561,n* by NutriliteTM Rays for Days – Sunny Topical Essential Oil Blend,6.00,18.00,18.00,20.00,5.90,18.00,18.00,20.00
124562,n* by NutriliteTM Sweet Dreams – Sleep Topical Essential Oil Blend,6.00,18.00,18.00,20.00,5.90,18.00,18.00,20.00
124820,n* by NutriliteTM Get Your ZZZs Sleep and Relax Kit,19.70,59.09,59.09,65.00,19.18,58.50,58.50,65.00
100193,NutriliteTM Carb Blocker,9.75,29.25,29.25,39.00,9.74,29.70,29.70,33.00
100280,NutriliteTM Lean Muscle,14.75,44.25,44.25,59.00,14.46,44.10,44.10,49.00
102736,NutriliteTM Fiber Powder,8.25,24.75,24.75,33.00,8.26,25.20,25.20,28.00
110274,BodyKey by NutriliteTM Caramel Cookie Dough Meal Bar,12.60,37.80,37.80,42.00,12.39,37.80,37.80,42.00
110275,BodyKey by NutriliteTM Mixed Berry Crisp Meal Bar,12.60,37.80,37.80,42.00,12.39,37.80,37.80,42.00
110276,BodyKey by NutriliteTM Chocolate Brownie Meal Bar,12.60,37.80,37.80,42.00,12.39,37.80,37.80,42.00
110277,BodyKey by NutriliteTM Caramel Peanut Butter Meal Bar,12.60,37.80,37.80,42.00,12.39,37.80,37.80,42.00
110828,BodyKey by NutriliteTM Blueberries & Yogurt Meal Bar,12.60,37.80,37.80,42.00,12.39,37.80,37.80,42.00
110835,BodyKey by NutriliteTM Cookies & Cream  Meal Bar,12.60,37.80,37.80,42.00,12.39,37.80,37.80,42.00
110339,BodyKeyTM Whole Grain Tortilla Chips,10.80,32.40,32.40,36.00,10.62,32.40,32.40,36.00
110341,BodyKeyTM Oolong Green Tea,7.50,22.50,22.50,25.00,7.38,22.50,22.50,25.00
117085,NutriliteTM SlimmetryTM Dietary Supplement,9.25,27.75,27.75,37.00,9.15,27.90,27.90,31.00
122276,BodyKey by NutriliteTM Chocolate Meal Replacement Shake Mix,15.00,45.00,45.00,50.00,14.75,45.00,45.00,50.00
122277,BodyKey by NutriliteTM French Vanilla Meal Replacement Shake Mix,15.00,45.00,45.00,50.00,14.75,45.00,45.00,50.00
122278,BodyKey by NutriliteTM Strawberry Meal Replacement Shake Mix,15.00,45.00,45.00,50.00,14.75,45.00,45.00,50.00
122949,BodyKeyTM Chocolate Meal Replacement Shake Mix Packets,15.60,46.80,46.80,52.00,15.34,46.80,46.80,52.00
122950,BodyKeyTM French Vanilla Meal Replacement Shake Mix Packets,15.60,46.80,46.80,52.00,15.34,46.80,46.80,52.00
122951,BodyKeyTM Strawberry Meal Replacement Shake Mix Packets,15.60,46.80,46.80,52.00,15.34,46.80,46.80,52.00
282063,BodyKey by NutriliteTM Caffeine-free Soothing Tulsi and Chamomile Tea,2.70,8.10,8.10,9.00,2.66,8.10,8.10,9.00
285369,BodyKeyTM Slim Popcorn - 24 Bags,13.50,40.50,40.50,45.00,13.28,40.50,40.50,45.00
282064,BodyKey by NutriliteTM Zesty Protien Snack,8.85,26.55,26.55,29.50,8.85,27.00,27.00,30.00
290761,BodyKey by NutriliteTM Cinnamon Swirl Meal Bar,12.60,37.80,37.80,42.00,12.39,37.80,37.80,42.00
290762,BodyKey by NutriliteTM Savory Almonds & Seeds Meal Bar,12.60,37.80,37.80,42.00,12.39,37.80,37.80,42.00
293052,XSTM Energy Drink Tamarindo Blast,8.04,24.24,24.24,27.00,7.08,21.60,21.60,24.00
286159,XSTM Energy Café Mocha,12.60,37.80,37.80,42.00,9.74,29.70,29.70,33.00
284728,XSTM Energy Drink Cranberry-Grape Blast,8.04,24.24,24.24,27.00,7.08,21.60,21.60,24.00
284729,XSTM Energy Drink Citrus Blast,8.04,24.24,24.24,27.00,7.08,21.60,21.60,24.00
284730,XSTM Energy Drink Tropical Blast,8.04,24.24,24.24,27.00,7.08,21.60,21.60,24.00
284731,XSTM Energy Drink Electric Lemon Blast,8.04,24.24,24.24,27.00,7.08,21.60,21.60,24.00
284733,XSTM Energy Drink Caffeine-Free Cranberry-Grape Blast,8.04,24.24,24.24,27.00,7.08,21.60,21.60,24.00
284734,XSTM Energy Drink Rootbeer Blast,8.04,24.24,24.24,27.00,7.08,21.60,21.60,24.00
284735,XSTM Energy Drink Black Cherry Cola Blast,8.04,24.24,24.24,27.00,7.08,21.60,21.60,24.00
284737,XSTM Energy Drink Wild Berry Blast,8.04,24.24,24.24,27.00,7.08,21.60,21.60,24.00
284741,XSTM Sparkling Juiced Energy - Pink Grapefruit,8.04,24.24,24.24,27.00,7.08,21.60,21.60,24.00
284742,XSTM Sparkling Juiced Energy - Mango Pineapple Guava,8.04,24.24,24.24,27.00,7.08,21.60,21.60,24.00
293054,XSTM Sparkling Juiced Energy - Dragonfruit,8.04,24.24,24.24,27.00,7.08,21.60,21.60,24.00
293054,XSTM Caffine-Free Sparkling Juiced Energy - Mango Pineapple Guava,8.04,24.24,24.24,27.00,7.08,21.60,21.60,24.00
284736,XSTM Energy + Burn - Strawberry,10.56,31.68,31.68,36.00,8.26,25.20,25.20,28.00
284738,XSTM Energy Drink Classic Blast - New 8.4 oz.,8.04,24.24,24.24,27.00,7.08,21.60,21.60,24.00
284740,XSTM Energy Drink Naranja Blast (Orange) - New 8.4 oz.,8.04,24.24,24.24,27.00,7.08,21.60,21.60,24.00
284739,XSTM Energy Drink Summit Blast - New 8.4 oz.,8.04,24.24,24.24,27.00,7.08,21.60,21.60,24.00
293055,XSTM Energy + Burn – Blood Orange,10.56,31.68,31.68,36.00,8.26,25.20,25.20,28.00
763743,XSTM Energy Gum – Mint Explosion - 6 Packs,7.20,17.60,20.70,23.00,6.79,17.60,20.70,23.00
101593,XSTM Energy + Focus – 60 Count,8.25,25.50,25.50,34.00,9.15,27.90,27.90,31.00
107846,XSTM Energy + Focus – Blister Pack,4.82,15.30,15.30,18.00,5.31,16.20,16.20,18.00
110369,XSTM Sports Protein Shake – Rich Chocolate - 12 Shakes,12.00,30.60,36.00,40.00,11.80,30.60,36.00,40.00
110370,XSTM Sports Protein Shake – Vanilla Crème - 12 Shakes,12.00,30.60,36.00,40.00,11.80,30.60,36.00,40.00
110371,XSTM Intense Pre-Workout Boost – Citrus Burst - 12 Stick Pack,10.20,26.01,30.60,34.00,7.97,20.66,24.30,27.00
110374,XSTM Post-Workout Recovery – Cherry Lemonade,13.80,35.19,41.40,46.00,13.57,35.19,41.40,46.00
110375,XSTM Sports Protein Powder – Chocolate Milkshake,16.50,42.08,49.50,55.00,16.23,42.08,49.50,55.00
110376,XSTM Sports Protein Powder – Vanilla Dream,16.50,42.08,49.50,55.00,16.23,42.08,49.50,55.00
110377,XSTM Sports Protein Powder Single Serve Packets – Chocolate Milkshake,12.00,30.60,36.00,40.00,8.56,22.19,26.10,29.00
110378,XSTM Energy Bars – Chocolate Chip,9.90,25.25,29.70,33.00,8.26,21.42,25.20,28.00
110379,XSTM Energy Bars – Peanut Butter Crunch,9.90,25.25,29.70,33.00,8.26,21.42,25.20,28.00
110385,XSTM Sports Protein Bars – Chocolate Peanut Butter,10.80,27.54,32.40,36.00,8.85,22.95,27.00,30.00
110386,XSTM Sports Protein Bars – Chocolate Berry Blast,10.80,27.54,32.40,36.00,8.85,22.95,27.00,30.00
110389,XSTM Sports Twist Tubes – Lemon Lime,6.00,15.30,18.00,20.00,4.72,12.24,14.40,16.00
110390,XSTM Sports Twist Tubes – Fruit Punch,6.00,15.30,18.00,20.00,4.72,12.24,14.40,16.00
110601,XSTM CocoWater Hydration Drink Mix - Strawberry Watermelon,8.40,21.42,25.20,28.00,6.79,17.60,20.70,23.00
SKU,Product Name by Product Category,Previous PV,Previous BV,Previous IBOC,"Previous RetailPrice","September 2020PV","September 2020BV","September 2020IBOC","September 2020Retail Price"
110627,XSTM Protein Crisps - Barbeque,10.80,27.54,32.40,36.00,9.15,23.72,27.90,31.00
110628,XSTM Protein Crisps - Sriracha Lime,10.80,27.54,32.40,36.00,9.15,23.72,27.90,31.00
110631,XSTM CocoWater – Pineapple Coconut,8.40,21.42,25.20,28.00,6.79,17.60,20.70,23.00
110638,XSTM Sports Nutrition Use1Share1 Bundle,63.33,133.00,190.00,210.00,60.79,129.25,185.40,206.00
110815,XSTM Sports Nutrition Protein Powder – Cookies and Cream,16.50,42.08,49.50,55.00,16.23,42.08,49.50,55.00
110845,XSTM Energy Bars – Blueberry Crunch Bar,9.90,25.25,29.70,33.00,8.26,21.42,25.20,28.00
110847,XSTM Muscle Multiplier Essential Amino Acid Supplement – Wildberry flavored,16.50,49.50,49.50,55.00,13.28,40.50,40.50,45.00
110862,XSTM Muscle Multiplier Essential Amino Acid Supplement – Dragon Fruit,16.50,49.50,49.50,55.00,13.28,40.50,40.50,45.00
124651,XSTM Juiced and Burn - Variety Case,8.90,26.70,26.70,30.00,7.67,23.40,23.40,26.00
124652,XSTM Energy Drink - Variety Case,8.04,24.24,24.24,27.00,7.08,21.60,21.60,24.00
293053,XSTM Caffeine-Free Sparkling Juiced Energy - Mango Pineapple Guava,8.04,24.24,24.24,27.00,7.08,21.60,21.60,24.00
296417,XSTM Energy Cafe - Mocha - Pallet,"2,205.00","6,615.00","6,615.00","7,350.00","1,788.62","5,455.30","5,455.30","6,061.44"
296498,XSTM CBD Cool Spray,16.50,49.50,49.50,55.00,16.23,49.50,49.50,55.00
124651,XSTM Juiced and Burn - Variety Case,8.90,26.70,26.70,30.00,7.67,23.40,23.40,26.00
748787,XSTM Energy Drink - Cranberry-Grape - Pallet,"1,800.96","5,429.76","5,429.76","6,048.00","1,300.82","3,967.49","3,967.49","4,408.32"
748788,XSTM Energy + Burn - Strawberry - Pallet,"2,365.44","7,096.32","7,096.32","8,064.00","1,517.62","4,628.74","4,628.74","5,143.04"
748796,XSTM Energy Drink - Variety Case - Pallet,"1,800.96","5,429.76","5,429.76","6,048.00","1,300.82","3,967.49","3,967.49","4,408.32"
124973,XSTM Energy Drink - Four Flavor - Pallet,New,"1,300.82","3,967.49","3,967.49","4,408.32",,,
749083,XSTM Energy Drink - Naranja - Pallet,"1,738.50","5,215.50","5,215.50","5,795.00","1,300.82","3,967.49","3,967.49","4,408.32"
762317,XSTM Sparkling Juiced Energy - Pink Grapefruit - Pallet,"1,800.96","5,429.76","5,429.76","6,048.00","1,300.82","3,967.49","3,967.49","4,408.32"
762448,XSTM Sparkling Juiced Energy - Mango Pineapple Guava - Pallet,"1,800.96","5,429.76","5,429.76","6,048.00","1,300.82","3,967.49","3,967.49","4,408.32"
763745,XSTM Sparkling Juiced Energy - Dragon Fruit - Pallet,"1,800.96","5,429.76","5,429.76","6,048.00","1,300.82","3,967.49","3,967.49","4,408.32"
763761,XSTM Juiced and Burn - Variety Case - Pallet,"1,993.60","5,980.80","5,980.80","6,720.00","1,409.22","4,298.11","4,298.11","4,775.68"
763762,XSTM Sparkling Juiced Energy - Caffeine-Free Mango Pineapple Guava - Pallet,"1,800.96","5,429.76","5,429.76","6,048.00","1,300.82","3,967.49","3,967.49","4,408.32"
763767,XSTM Energy + Burn - Blood Orange - Pallet,"2,365.44","7,096.32","7,096.32","8,064.00","1,517.62","4,628.74","4,628.74","5,143.04"
763774,XSTM Energy Drink - Tamarindo - Pallet,"1,800.96","5,429.76","5,429.76","6,048.00","1,300.82","3,967.49","3,967.49","4,408.32"
292506,XSTM Energy Gum + U.S. Dream Academy Donation Bundle,7.20,17.60,21.70,24.00,6.79,17.60,21.70,24.00
296753,XSTM CBD Cream,16.50,49.50,49.50,55.00,16.23,49.50,49.50,55.00
300323,XSTM CBD Pro Cream,19.50,58.50,58.50,65.00,19.18,58.50,58.50,65.00
300548,XSTM Sparkling + Electrolytes Sparkling Water,5.40,16.20,16.20,18.00,5.31,16.20,16.20,18.00
300549,XSTM Sparkling + Electrolytes Sparkling Water,5.40,16.20,16.20,18.00,5.31,16.20,16.20,18.00
300550,XSTM Sparkling + Electrolytes Sparkling Water,5.40,16.20,16.20,18.00,5.31,16.20,16.20,18.00
300855,XSTM Protein Pods Vanilla,8.16,24.48,28.80,32.00,9.44,24.48,28.80,32.00
300856,XSTM Protein Pods Chocolate,8.16,24.48,28.80,32.00,9.44,24.48,28.80,32.00
300551,XSTM Sparkling + Muscle Multiplier Water,New,Coming Soon,,,,,,
300552,XSTM Sparkling + Muscle Multiplier Water,New,Coming Soon,,,,,,
300553,XSTM Sparkling + Magnesium Water,6.60,19.80,19.80,22.00,6.49,19.80,19.80,22.00
300554,XSTM Sparkling + Magnesium Water,6.60,19.80,19.80,22.00,6.49,19.80,19.80,22.00
PERFECT WATER,,,,,,,,,
285375,Perfect Empowered Drinking Water®*,14.40,21.60,43.20,48.00,14.16,21.60,43.20,48.00
SKIN CARE CATEGORY,,,,,,,,,
107998,ArtistryTM Intensive Skincare Renewing Peel,22.25,66.75,66.75,89.00,21.84,66.60,66.60,74.00
109709,ArtistryTM Intensive Skincare Anti-Wrinkle Firming Serum,24.50,73.50,73.50,98.00,24.20,73.80,73.80,82.00
111225,ArtistryTM Men Gentle Face Wash,7.25,21.75,21.75,29.00,7.08,21.60,21.60,24.00
111227,ArtistryTM Men Post Shave Toner,9.50,28.50,28.50,38.00,9.44,28.80,28.80,32.00
111228,ArtistryTM Men Facial Moisturizer,12.25,35.25,35.25,47.00,11.51,35.10,35.10,39.00
113803,Artistry Youth XtendTM Protecting Lotion,18.00,54.00,54.00,72.00,17.70,54.00,54.00,60.00
113804,Artistry Youth XtendTM Enriching Lotion,18.00,54.00,54.00,72.00,17.70,54.00,54.00,60.00
113807,Artistry Youth XtendTM Protecting Cream,18.00,54.00,54.00,72.00,17.70,54.00,54.00,60.00
113808,Artistry Youth XtendTM Enriching Cream,18.00,54.00,54.00,72.00,17.70,54.00,54.00,60.00
113810,Artistry Youth XtendTM Enriching Eye Cream,15.00,45.00,45.00,60.00,14.75,45.00,45.00,50.00
115408,ArtistryTM Intensive Skincare Advanced Skin Refinisher,22.25,69.75,69.75,93.00,22.72,69.30,69.30,77.00
116065,ArtistryTM Advanced Creamy Foam Cleanser,6.75,20.25,20.25,27.00,6.79,20.70,20.70,23.00
116066,ArtistryTM Advanced Softening Toner,8.00,24.00,24.00,32.00,7.97,24.30,24.30,27.00
116159,Artistry Youth XtendTM Skincare System with Lotion,29.47,88.42,88.42,117.90,29.21,89.10,89.10,99.00
116160,Artistry Youth XtendTM Skincare System with Cream,29.47,88.42,88.42,117.90,29.21,89.10,89.10,99.00
116331,ArtistryTM Ultimate 10 Minute Facial,15.58,46.75,46.75,55.00,15.34,46.80,46.80,52.00
117642,Artistry Hydra-VTM Fresh Foaming Cleanser,6.25,18.75,18.75,25.00,6.20,18.90,18.90,21.00
117644,Artistry Hydra-VTM Fresh Toner,6.25,18.75,18.75,25.00,6.20,18.90,18.90,21.00
117646,Artistry Hydra-VTM Replenishing Moisture Cream,10.75,32.25,32.25,43.00,10.62,32.40,32.40,36.00
117647,Artistry Hydra-VTM Refreshing Gel,10.75,32.25,32.25,43.00,10.62,32.40,32.40,36.00
117648,Artistry Hydra-VTM Nourishing Gel Cream,12.00,36.00,36.00,48.00,11.80,36.00,36.00,40.00
117649,Artistry Hydra-VTM Refreshing Eye Gel Cream,9.75,29.25,29.25,39.00,9.74,29.70,29.70,33.00
117652,ArtistryTM Eye & Lip Makeup Remover,6.00,18.00,18.00,24.00,5.90,18.00,18.00,20.00
117809,Artistry Ideal RadianceTM UV Protect SPF 50+,13.00,39.00,39.00,52.00,12.69,38.70,38.70,43.00
118184,Artistry Supreme LXTM Regenerating Cream,91.25,273.75,273.75,365.00,89.70,273.60,273.60,304.00
118185,Artistry Supreme LXTM Regenerating Eye Cream,48.75,146.25,146.25,195.00,48.10,146.70,146.70,163.00
118205,ArtistryTM Men Skincare System,42.52,123.52,123.52,164.70,40.37,123.12,123.12,136.80
118207,Artistry Ideal RadianceTM Illuminating CC Cream Broad Spectrum Sunscreen SPF 50 - Light Medium,10.00,30.00,30.00,40.00,9.74,29.70,29.70,33.00
118208,Artistry Ideal RadianceTM Illuminating CC Cream Broad Spectrum Sunscreen SPF 50 - Light,10.00,30.00,30.00,40.00,9.74,29.70,29.70,33.00
SKU,Product Name by Product Category,Previous PV,Previous BV,Previous IBOC,"Previous RetailPrice","September 2020PV","September 2020BV","September 2020IBOC","September 2020Retail Price"
119024,ArtistryTM Men Serum Concentrate,18.25,51.75,51.75,69.00,16.82,51.30,51.30,57.00
119336,Artistry Ideal RadianceTM Illuminating CC Cream Broad Spectrum Sunscreen SPF 50 - Medium,10.00,30.00,30.00,40.00,9.74,29.70,29.70,33.00
119618,Artistry Ideal RadianceTM Illuminating Foam Cleanser,10.50,31.50,31.50,42.00,10.33,31.50,31.50,35.00
119619,Artistry Ideal RadianceTM Illuminating Softening Lotion (Toner),12.00,36.00,36.00,48.00,11.80,36.00,36.00,40.00
119621,Artistry Ideal RadianceTM  Illuminating Milky Emulsion,22.00,66.00,66.00,88.00,21.54,65.70,65.70,73.00
119622,Artistry Ideal RadianceTM Illuminating Moisture Cream,20.00,60.00,60.00,80.00,19.77,60.30,60.30,67.00
119690,Artistry Ideal RadianceTM Skincare System with Milky Emulsion (lotion),40.05,120.15,120.15,160.20,39.31,119.88,119.88,133.20
119691,Artistry Ideal RadianceTM Skincare System with Moisture Cream,38.25,114.75,114.75,153.00,37.71,115.02,115.02,127.80
119881,Artistry Hydra-VTM System for Oily Skin,20.92,62.77,62.77,83.70,20.72,63.18,63.18,70.20
119882,Artistry Hydra-VTM System for Combination to Normal Skin,22.05,66.15,66.15,88.20,21.78,66.42,66.42,73.80
120227,Artistry Hydra-VTM System for Dry Skin,20.92,62.77,62.77,83.70,20.72,63.18,63.18,70.20
120524,ArtistryTM Intensive Skincare Advanced Vitamin C + HA Treatment,15.50,46.50,46.50,62.00,15.34,46.80,46.80,52.00
120560,Artistry Ideal RadianceTM Illuminating CC Cream - Medium Dark,10.00,30.00,30.00,40.00,9.74,29.70,29.70,33.00
120561,Artistry Ideal RadianceTM Illuminating CC Cream - Dark,10.00,30.00,30.00,40.00,9.74,29.70,29.70,33.00
121547,essentials by ArtistryTM Gel Cleanser,4.53,13.60,13.60,16.00,4.43,13.50,13.50,15.00
121548,essentials by ArtistryTM Light Lotion,6.52,19.55,19.55,23.00,6.49,19.80,19.80,22.00
121549,essentials by ArtistryTM Makeup Removing Wipes,3.40,10.20,10.20,12.00,3.32,10.13,10.13,11.25
121556,Artistry Signature SelectTM Hydration Amplifier,8.50,25.50,25.50,34.00,8.26,25.20,25.20,28.00
121557,Artistry Signature SelectTM Brightening Amplifier,10.00,30.00,30.00,40.00,9.74,29.70,29.70,33.00
121558,Artistry Signature SelectTM Anti-Wrinkle Amplifier,10.00,30.00,30.00,40.00,9.74,29.70,29.70,33.00
121559,Artistry Signature SelectTM Firming Amplifier,11.75,35.25,35.25,47.00,11.51,35.10,35.10,39.00
121560,Artistry Signature SelectTM Anti-Spot Amplifier,11.75,35.25,35.25,47.00,11.51,35.10,35.10,39.00
121590,essentials by ArtistryTM 2-Step Bundle,9.94,29.83,29.83,35.10,9.83,29.97,29.97,33.30
121591,essentials by ArtistryTM 3-Step Bundle,13.00,39.01,39.01,45.90,12.82,39.09,39.09,43.42
121657,essentials by ArtistryTM Anti-Acne Pore Refresher,5.53,16.58,16.58,19.50,5.46,16.65,16.65,18.50
121658,essentials by ArtistryTM Anti-Acne Gel Treatment,6.80,20.40,20.40,24.00,6.79,20.70,20.70,23.00
122162,essentials by ArtistryTM Multi-Protect Lotion SPF 30 UVA/UVB,6.52,19.55,19.55,23.00,6.49,19.80,19.80,22.00
122339,Artistry Signature SelectTM Polishing Mask,8.75,26.25,26.25,35.00,8.56,26.10,26.10,29.00
122340,Artistry Signature SelectTM Brightening Mask,10.75,32.25,32.25,43.00,10.62,32.40,32.40,36.00
122341,Artistry Signature SelectTM Firming Mask,11.50,34.50,34.50,46.00,11.21,34.20,34.20,38.00
122342,Artistry Signature SelectTM Purifying Mask,8.75,26.25,26.25,35.00,8.56,26.10,26.10,29.00
122343,Artistry Signature SelectTM Hydrating Mask,9.75,29.25,29.25,39.00,9.74,29.70,29.70,33.00
282031,Artistry Signature SelectTM Personalized Serum Kit,82.00,193.50,245.00,245.00,80.24,193.34,244.80,272.00
282076,essentials by ArtistryTM Anti-Acne Bundle,15.17,45.52,45.52,53.55,15.01,45.76,45.76,50.85
282715,Artistry Signature SelectTM Hydration Amplifier and Base Serum,18.50,55.50,55.50,74.00,18.00,54.90,54.90,61.00
282716,Artistry Signature SelectTM Brightening Amplifier and Base Serum,20.00,60.00,60.00,80.00,19.48,59.40,59.40,66.00
282717,Artistry Signature SelectTM Anti-Spot Amplifier and Base Serum,21.75,65.25,65.25,87.00,21.25,64.80,64.80,72.00
282718,Artistry Signature SelectTM Anti-Wrinkle Amplifier and Base Serum,20.00,60.00,60.00,80.00,19.48,59.40,59.40,66.00
282719,Artistry Signature SelectTM Firming Amplifier and Base Serum,21.75,65.25,65.25,87.00,21.25,64.80,64.80,72.00
288164,Artistry Youth XtendTM Power System with Lotion,58.27,174.82,174.82,233.10,57.10,174.15,174.15,193.50
288165,Artistry Youth XtendTM Power System with Cream,58.27,174.82,174.82,233.10,57.10,174.15,174.15,193.50
294419,Artistry Youth XtendTM Power System for Combination-to-Oily Skin + Artistry Signature SelectTM Anti-Spot Amplifier,68.85,206.55,206.55,275.40,67.46,205.74,205.74,228.60
294420,Artistry Youth XtendTM Power System for Combination-to-Oily Skin + Artistry Signature SelectTM Brightening Amplifier,67.27,201.82,201.82,269.10,65.87,200.88,200.88,223.20
294421,Artistry Youth XtendTM Power System for Combination-to-Oily Skin + Artistry Signature SelectTM Hydration Amplifier,65.92,197.77,197.77,263.70,64.53,196.83,196.83,218.70
294422,Artistry Youth XtendTM Power System for Normal-to-Dry Skin + Artistry Signature SelectTM Anti-Spot Amplifier,68.85,206.55,206.55,275.40,67.46,205.74,205.74,228.60
294423,Artistry Youth XtendTM Power System for Normal-to-Dry Skin + Artistry Signature SelectTM Brightening Amplifier,67.27,201.82,201.82,269.10,65.87,200.88,200.88,223.20
294424,Artistry Youth XtendTM Power System for Normal-to-Dry Skin + Artistry Signature SelectTM Hydration Amplifier,65.92,197.77,197.77,263.70,64.53,196.83,196.83,218.70
297228,Artistry Signature SelectTM Glow & Go Multi-Mask Bundle,32.00,96.00,96.00,128.00,31.57,96.30,96.30,107.00
124811,Artistry StudioTM Clean Start,New,2.51,7.65,7.65,8.50,,,
124815,Artistry StudioTM Zen Daze Ahead,New,11.21,34.20,34.20,38.00,,,
124818,Artistry StudioTM Eye Look Rested,New,8.85,27.00,27.00,30.00,,,
124813,Artistry StudioTM Rosé All Day,New,4.43,13.50,13.50,15.00,,,
124817,Artistry StudioTM Everyday I’m Bubblin’,New,4.43,13.50,13.50,15.00,,,
124368,Artistry StudioTM Soft as Silk Hand Cream Trio,New,6.64,20.25,20.25,22.50,,,
124364,Artistry StudioTM 2-in-1 Perfecting Primer - Glow Finish,New,9.44,28.80,28.80,32.00,,,
124363,Artistry StudioTM 2-in-1 Perfecting Primer - Matte Finish,New,9.44,28.80,28.80,32.00,,,
124819,Artistry StudioTM The Pampered Pout,New,5.75,17.55,17.55,19.50,,,
124812,Artistry StudioTM Glow Boss,New,4.72,14.40,14.40,16.00,,,
124814,Artistry StudioTM Hydro-Prime,New,7.38,22.50,22.50,25.00,,,
124816,Artistry StudioTM Spot On!,New,7.08,21.60,21.60,24.00,,,
COSMETICS CATEGORY,,,,,,,,,
110007,Artistry Youth XtendTM Lifting Smoothing Foundation – Chablis L1C1,12.25,36.75,36.75,49.00,12.10,36.90,36.90,41.00
110008,Artistry Youth XtendTM Lifting Smoothing Foundation – Bisque L1N1,12.25,36.75,36.75,49.00,12.10,36.90,36.90,41.00
110009,Artistry Youth XtendTM Lifting Smoothing Foundation – Buff L1W1,12.25,36.75,36.75,49.00,12.10,36.90,36.90,41.00
110010,Artistry Youth XtendTM Lifting Smoothing Foundation – Cream L1W2,12.25,36.75,36.75,49.00,12.10,36.90,36.90,41.00
110011,Artistry Youth XtendTM Lifting Smoothing Foundation – Chiffon L2C1,12.25,36.75,36.75,49.00,12.10,36.90,36.90,41.00
110012,Artistry Youth XtendTM Lifting Smoothing Foundation – Ochre L2N1,12.25,36.75,36.75,49.00,12.10,36.90,36.90,41.00
110013,Artistry Youth XtendTM Lifting Smoothing Foundation – Natural L2N2,12.25,36.75,36.75,49.00,12.10,36.90,36.90,41.00
110014,Artistry Youth XtendTM Lifting Smoothing Foundation – Sand L2W1,12.25,36.75,36.75,49.00,12.10,36.90,36.90,41.00
110015,Artistry Youth XtendTM Lifting Smoothing Foundation – Plush L3C1,12.25,36.75,36.75,49.00,12.10,36.90,36.90,41.00
SKU,Product Name by Product Category,Previous PV,Previous BV,Previous IBOC,"Previous RetailPrice","September 2020PV","September 2020BV","September 2020IBOC","September 2020Retail Price"
110016,Artistry Youth XtendTM Lifting Smoothing Foundation – Tawny L3N1,12.25,36.75,36.75,49.00,12.10,36.90,36.90,41.00
110017,Artistry Youth XtendTM Lifting Smoothing Foundation – Soleil L3W1,12.25,36.75,36.75,49.00,12.10,36.90,36.90,41.00
110019,Artistry Youth XtendTM Lifting Smoothing Foundation – Golden L4N1,12.25,36.75,36.75,49.00,12.10,36.90,36.90,41.00
110020,Artistry Youth XtendTM Lifting Smoothing Foundation – Brulee L4W1,12.25,36.75,36.75,49.00,12.10,36.90,36.90,41.00
110022,Artistry Youth XtendTM Lifting Smoothing Foundation – Caramel L5N1,12.25,36.75,36.75,49.00,12.10,36.90,36.90,41.00
110023,Artistry Youth XtendTM Lifting Smoothing Foundation – Cappucino L5W1,12.25,36.75,36.75,49.00,12.10,36.90,36.90,41.00
110025,Artistry Youth XtendTM Lifting Smoothing Foundation – Walnut L6N1,12.25,36.75,36.75,49.00,12.10,36.90,36.90,41.00
110026,Artistry Youth XtendTM Lifting Smoothing Foundation – Mink L6W1,12.25,36.75,36.75,49.00,12.10,36.90,36.90,41.00
110989,ArtistryTM Automatic EyeBrow Pencil Refill – Taupe (Neutral),3.75,11.25,11.25,15.00,3.69,11.25,11.25,12.50
110990,ArtistryTM Automatic EyeBrow Pencil Refill – Brown (Neutral),3.75,11.25,11.25,15.00,3.69,11.25,11.25,12.50
110991,ArtistryTM Automatic EyeBrow Pencil Refill – Soft Black (Neutral),3.75,11.25,11.25,15.00,3.69,11.25,11.25,12.50
112141,ArtistryTM Automatic LipLiner Pencil Refill – Dusty Rose (Neutral),2.75,8.25,8.25,11.00,2.73,8.33,8.33,9.25
112142,ArtistryTM Automatic LipLiner Pencil Refill – Spiced Wine (Neutral),2.75,8.25,8.25,11.00,2.73,8.33,8.33,9.25
112145,ArtistryTM Automatic EyeBrow Pencil Holder,3.00,9.00,9.00,12.00,2.95,9.00,9.00,10.00
112146,ArtistryTM Automatic LipLiner Pencil Holder,3.00,9.00,9.00,12.00,2.95,9.00,9.00,10.00
112237,Artistry Signature Eyes Length & Definition MascaraTM,6.50,19.50,19.50,26.00,6.49,19.80,19.80,22.00
115379,Artistry Signature ColorTM Lipstick - Rich Cocoa 02,7.50,22.50,22.50,30.00,7.38,22.50,22.50,25.00
115380,Artistry Signature ColorTM Lipstick - Bellini 03,7.50,22.50,22.50,30.00,7.38,22.50,22.50,25.00
115383,Artistry Signature ColorTM Lipstick - Daring Red 06,7.50,22.50,22.50,30.00,7.38,22.50,22.50,25.00
115384,Artistry Signature ColorTM Lipstick - Ballet Pink 07,7.50,22.50,22.50,30.00,7.38,22.50,22.50,25.00
115386,Artistry Signature ColorTM Lipstick - Havana Rose 09,7.50,22.50,22.50,30.00,7.38,22.50,22.50,25.00
115387,Artistry Signature ColorTM Lipstick - Nutmeg 10,7.50,22.50,22.50,30.00,7.38,22.50,22.50,25.00
115389,Artistry Signature ColorTM Lipstick - Primrose 11,7.50,22.50,22.50,30.00,7.38,22.50,22.50,25.00
115390,Artistry Signature ColorTM Lipstick - Bougainvillea 12,7.50,22.50,22.50,30.00,7.38,22.50,22.50,25.00
115391,Artistry Signature ColorTM Lipstick - Silk Lilac 13,7.50,22.50,22.50,30.00,7.38,22.50,22.50,25.00
115393,Artistry Signature ColorTM Lipstick - Taffeta Rose 14,7.50,22.50,22.50,30.00,7.38,22.50,22.50,25.00
115394,Artistry Signature ColorTM Lipstick - Wild Orchid 15,7.50,22.50,22.50,30.00,7.38,22.50,22.50,25.00
115395,Artistry Signature ColorTM Lipstick - Velvet 16,7.50,22.50,22.50,30.00,7.38,22.50,22.50,25.00
115396,Artistry Signature ColorTM Lipstick - Crimson 17,7.50,22.50,22.50,30.00,7.38,22.50,22.50,25.00
115397,Artistry Signature ColorTM Lipstick - Terracotta 18,7.50,22.50,22.50,30.00,7.38,22.50,22.50,25.00
115398,Artistry Signature ColorTM Sheer Lipstick - Clear Balm 50,7.50,22.50,22.50,30.00,7.38,22.50,22.50,25.00
115399,Artistry Signature ColorTM Sheer Lipstick - Red Kiss 51,7.50,22.50,22.50,30.00,7.38,22.50,22.50,25.00
115400,Artistry Signature ColorTM Sheer Lipstick - Princess 52,7.50,22.50,22.50,30.00,7.38,22.50,22.50,25.00
115401,Artistry Signature ColorTM Sheer Lipstick - Tulip Pink 53,7.50,22.50,22.50,30.00,7.38,22.50,22.50,25.00
115404,Artistry Signature ColorTM Sheer Lipstick - Natural Pink 56,7.50,22.50,22.50,30.00,7.38,22.50,22.50,25.00
115405,Artistry Signature ColorTM Sheer Lipstick - Honey 57,7.50,22.50,22.50,30.00,7.38,22.50,22.50,25.00
116694,Artistry Exact FitTM Perfecting Loose Powder - Light,10.75,32.25,32.25,43.00,10.62,32.40,32.40,36.00
116695,Artistry Exact FitTM Perfecting Loose Powder - Medium,10.75,32.25,32.25,43.00,10.62,32.40,32.40,36.00
116696,Artistry Exact FitTM Perfecting Loose Powder - Dark,10.75,32.25,32.25,43.00,10.62,32.40,32.40,36.00
116724,Artistry Exact FitTM Powder Foundation - Chablis L1C1,7.25,21.75,21.75,29.00,7.08,21.60,21.60,24.00
116725,Artistry Exact FitTM Powder Foundation - Bisque L1N1,7.25,21.75,21.75,29.00,7.08,21.60,21.60,24.00
116726,Artistry Exact FitTM Powder Foundation - Buff L1W1,7.25,21.75,21.75,29.00,7.08,21.60,21.60,24.00
116727,Artistry Exact FitTM Powder Foundation - Cream L1W2,7.25,21.75,21.75,29.00,7.08,21.60,21.60,24.00
116728,Artistry Exact FitTM Powder Foundation - Chiffon L2C1,7.25,21.75,21.75,29.00,7.08,21.60,21.60,24.00
116729,Artistry Exact FitTM Powder Foundation - Ochre L2N1,7.25,21.75,21.75,29.00,7.08,21.60,21.60,24.00
116730,Artistry Exact FitTM Powder Foundation - Natural L2N2,7.25,21.75,21.75,29.00,7.08,21.60,21.60,24.00
116731,Artistry Exact FitTM Powder Foundation - Sand L2W1,7.25,21.75,21.75,29.00,7.08,21.60,21.60,24.00
116732,Artistry Exact FitTM Powder Foundation - Plush L3C1,7.25,21.75,21.75,29.00,7.08,21.60,21.60,24.00
116733,Artistry Exact FitTM Powder Foundation - Tawny L3N1,7.25,21.75,21.75,29.00,7.08,21.60,21.60,24.00
116734,Artistry Exact FitTM Powder Foundation - Soleil L3W1,7.25,21.75,21.75,29.00,7.08,21.60,21.60,24.00
116736,Artistry Exact FitTM Powder Foundation - Golden L4N1,7.25,21.75,21.75,29.00,7.08,21.60,21.60,24.00
116737,Artistry Exact FitTM Powder Foundation - Brulee L4W1,7.25,21.75,21.75,29.00,7.08,21.60,21.60,24.00
116739,Artistry Exact FitTM Powder Foundation - Caramel L5N1,7.25,21.75,21.75,29.00,7.08,21.60,21.60,24.00
116740,Artistry Exact FitTM Powder Foundation - Cappucino L5W1,7.25,21.75,21.75,29.00,7.08,21.60,21.60,24.00
116742,Artistry Exact FitTM Powder Foundation - Walnut L6N1,7.25,21.75,21.75,29.00,7.08,21.60,21.60,24.00
116744,Artistry Exact FitTM Pressed Powder  - Translucent,5.75,17.25,17.25,23.00,5.68,17.33,17.33,19.25
116745,Artistry Exact FitTM Compact,3.90,11.70,11.70,13.00,3.84,11.70,11.70,13.00
116801,Artistry Signature Eyes Volume MascaraTM,5.76,17.29,17.29,23.00,5.68,17.33,17.33,19.25
117687,Artistry Exact FitTM Longwearing Foundation – Chablis – L1C1,11.00,33.00,33.00,44.00,10.92,33.30,33.30,37.00
117688,Artistry Exact FitTM Longwearing Foundation – Bisque – L1N1,11.00,33.00,33.00,44.00,10.92,33.30,33.30,37.00
117689,Artistry Exact FitTM Longwearing Foundation – Buff – L1W1,11.00,33.00,33.00,44.00,10.92,33.30,33.30,37.00
117690,Artistry Exact FitTM Longwearing Foundation – Cream – L1W2,11.00,33.00,33.00,44.00,10.92,33.30,33.30,37.00
117691,Artistry Exact FitTM Longwearing Foundation – Chiffon – L2C1,11.00,33.00,33.00,44.00,10.92,33.30,33.30,37.00
117692,Artistry Exact FitTM Longwearing Foundation – Ochre – L2N1,11.00,33.00,33.00,44.00,10.92,33.30,33.30,37.00
117693,Artistry Exact FitTM Longwearing Foundation – Natural – L2N2,11.00,33.00,33.00,44.00,10.92,33.30,33.30,37.00
117694,Artistry Exact FitTM Longwearing Foundation – Sand – L2W1,11.00,33.00,33.00,44.00,10.92,33.30,33.30,37.00
117695,Artistry Exact FitTM Longwearing Foundation – Plush – L3C1,11.00,33.00,33.00,44.00,10.92,33.30,33.30,37.00
117696,Artistry Exact FitTM Longwearing Foundation – Tawny – L3N1,11.00,33.00,33.00,44.00,10.92,33.30,33.30,37.00
117697,Artistry Exact FitTM Longwearing Foundation – Soleil – L3W1,11.00,33.00,33.00,44.00,10.92,33.30,33.30,37.00
SKU,Product Name by Product Category,Previous PV,Previous BV,Previous IBOC,"Previous RetailPrice","September 2020PV","September 2020BV","September 2020IBOC","September 2020Retail Price"
117699,Artistry Exact FitTM Longwearing Foundation – Golden – L4N1,11.00,33.00,33.00,44.00,10.92,33.30,33.30,37.00
117700,Artistry Exact FitTM Longwearing Foundation – Brulee – L4W1,11.00,33.00,33.00,44.00,10.92,33.30,33.30,37.00
117702,Artistry Exact FitTM Longwearing Foundation – Caramel – L5N1,11.00,33.00,33.00,44.00,10.92,33.30,33.30,37.00
117703,Artistry Exact FitTM Longwearing Foundation – Cappuccino – L5W1,11.00,33.00,33.00,44.00,10.92,33.30,33.30,37.00
117705,Artistry Exact FitTM Longwearing Foundation – Walnut – L6N1,11.00,33.00,33.00,44.00,10.92,33.30,33.30,37.00
117706,Artistry Exact FitTM Longwearing Foundation – Mink – L6W1,11.00,33.00,33.00,44.00,10.92,33.30,33.30,37.00
118209,Artistry Exact FitTM Beauty Balm Perfecting Primer Broad Spectrum Sunscreen SPF 35,10.00,30.00,30.00,40.00,9.74,29.70,29.70,33.00
118393,Artistry Signature ColorTM Eye Palette Refill - Smoky,10.00,30.00,30.00,40.00,9.74,29.70,29.70,33.00
118394,Artistry Signature ColorTM Eye Palette Refill - Natural Glow,10.00,30.00,30.00,40.00,9.74,29.70,29.70,33.00
118395,Artistry Signature ColorTM Eye Palette Refill - Spice Bronze,10.00,30.00,30.00,40.00,9.74,29.70,29.70,33.00
118396,Artistry Signature ColorTM Eye Palette Refill - Pink Chocolate,10.00,30.00,30.00,40.00,9.74,29.70,29.70,33.00
118397,Artistry Signature ColorTM Eye Palette Refill - Plumberry,10.00,30.00,30.00,40.00,9.74,29.70,29.70,33.00
118398,Artistry Signature ColorTM Cheek Refill - Golden Light,5.00,15.00,15.00,20.00,4.94,15.08,15.08,16.75
118399,Artistry Signature ColorTM Cheek Refill - Peachy Pink,5.00,15.00,15.00,20.00,4.94,15.08,15.08,16.75
118400,Artistry Signature ColorTM Cheek Refil - Fresh Coral,5.00,15.00,15.00,20.00,4.94,15.08,15.08,16.75
118401,Artistry Signature ColorTM Cheek Refill - Soft Rose,5.00,15.00,15.00,20.00,4.94,15.08,15.08,16.75
118402,Artistry Signature ColorTM Cheek Refill - Sweet Pink,5.00,15.00,15.00,20.00,4.94,15.08,15.08,16.75
118403,Artistry Signature ColorTM Cheek Refill - Dusty Mauve,5.00,15.00,15.00,20.00,4.94,15.08,15.08,16.75
118404,Artistry Signature ColorTM Compact,3.90,11.70,11.70,13.00,3.84,11.70,11.70,13.00
118566,Artistry Signature ColorTM  Light Up Lip Gloss – Pink Nude,5.38,16.15,16.15,19.00,5.31,16.20,16.20,18.00
118567,Artistry Signature ColorTM  Light Up Lip Gloss – Juicy Peach,5.38,16.15,16.15,19.00,5.31,16.20,16.20,18.00
118568,Artistry Signature ColorTM  Light Up Lip Gloss – Sweet Melon,5.38,16.15,16.15,19.00,5.31,16.20,16.20,18.00
118569,Artistry Signature ColorTM  Light Up Lip Gloss – Real Red,5.38,16.15,16.15,19.00,5.31,16.20,16.20,18.00
118570,Artistry Signature ColorTM  Light Up Lip Gloss – Pink Sugar,5.38,16.15,16.15,19.00,5.31,16.20,16.20,18.00
118571,Artistry Signature ColorTM  Light Up Lip Gloss – Rose Petal,5.38,16.15,16.15,19.00,5.31,16.20,16.20,18.00
118572,Artistry Signature ColorTM  Light Up Lip Gloss – Misty Mauve,5.38,16.15,16.15,19.00,5.31,16.20,16.20,18.00
118573,Artistry Signature ColorTM  Light Up Lip Gloss – Raspberry Kiss,5.38,16.15,16.15,19.00,5.31,16.20,16.20,18.00
118921,Artistry Signature ColorTM Longwearing Eye Pencil Eye Pencil - Black,5.50,16.50,16.50,22.00,5.39,16.43,16.43,18.25
118922,Artistry Signature ColorTM Longwearing Eye Pencil Eye Pencil - Brown,5.50,16.50,16.50,22.00,5.39,16.43,16.43,18.25
118923,Artistry Signature ColorTM Longwearing Eye Pencil Eye Pencil - Graphite Shimmer,5.50,16.50,16.50,22.00,5.39,16.43,16.43,18.25
118924,Artistry Signature ColorTM Longwearing Eye Pencil Eye Pencil - Plumberry,5.50,16.50,16.50,22.00,5.39,16.43,16.43,18.25
120360,Artistry Exact FitTM Perfecting Concealer – Light,6.75,20.25,20.25,27.00,6.79,20.70,20.70,23.00
120361,Artistry Exact FitTM Perfecting Concealer - Light Medium,6.75,20.25,20.25,27.00,6.79,20.70,20.70,23.00
120362,Artistry Exact FitTM Perfecting Concealer – Medium,6.75,20.25,20.25,27.00,6.79,20.70,20.70,23.00
120363,Artistry Exact FitTM Perfecting Concealer – Medium Deep,6.75,20.25,20.25,27.00,6.79,20.70,20.70,23.00
120364,Artistry Exact FitTM Perfecting Concealer – Deep/Very Deep,6.75,20.25,20.25,27.00,6.79,20.70,20.70,23.00
120365,Artistry Exact FitTM Perfecting Concealer – Brightener,6.75,20.25,20.25,27.00,6.79,20.70,20.70,23.00
120435,Artistry Signature ColorTM Lipstick - Coral Sunrise 19,7.50,22.50,22.50,30.00,7.38,22.50,22.50,25.00
120471,Artistry Signature ColorTM Longwearing Liquid Liner – Black,6.50,19.50,19.50,26.00,6.49,19.80,19.80,22.00
120872,Artistry StudioTM Lash Boosting 3-in-1 Mascara,6.50,19.50,19.50,26.00,6.49,19.80,19.80,22.00
121131,Artistry Hydra-VTM Sheer Weightless Foundation – Chablis,11.00,33.00,33.00,44.00,10.92,33.30,33.30,37.00
121132,Artistry Hydra-VTM Sheer Weightless Foundation – Bisque,11.00,33.00,33.00,44.00,10.92,33.30,33.30,37.00
121133,Artistry Hydra-VTM Sheer Weightless Foundation – Buff,11.00,33.00,33.00,44.00,10.92,33.30,33.30,37.00
121135,Artistry Hydra-VTM Sheer Weightless Foundation – Chiffon,11.00,33.00,33.00,44.00,10.92,33.30,33.30,37.00
121136,Artistry Hydra-VTM Sheer Weightless Foundation – Ochre,11.00,33.00,33.00,44.00,10.92,33.30,33.30,37.00
121138,Artistry Hydra-VTM Sheer Weightless Foundation – Sand,11.00,33.00,33.00,44.00,10.92,33.30,33.30,37.00
121139,Artistry Hydra-VTM Sheer Weightless Foundation – Plush,11.00,33.00,33.00,44.00,10.92,33.30,33.30,37.00
121140,Artistry Hydra-VTM Sheer Weightless Foundation – Tawny,11.00,33.00,33.00,44.00,10.92,33.30,33.30,37.00
121141,Artistry Hydra-VTM Sheer Weightless Foundation – Soleil,11.00,33.00,33.00,44.00,10.92,33.30,33.30,37.00
121142,Artistry Hydra-VTM Sheer Weightless Foundation – Golden,11.00,33.00,33.00,44.00,10.92,33.30,33.30,37.00
121143,Artistry Hydra-VTM Sheer Weightless Foundation – Carmel,11.00,33.00,33.00,44.00,10.92,33.30,33.30,37.00
121144,Artistry Hydra-VTM Sheer Weightless Foundation – Walnut,11.00,33.00,33.00,44.00,10.92,33.30,33.30,37.00
122096,Artistry StudioTM 2-in-1 Eye Stick- Tribeca Teal,6.50,19.50,19.50,26.00,6.49,19.80,19.80,22.00
122097,Artistry StudioTM 2-in-1 Eye Stick- Urban safari,6.50,19.50,19.50,26.00,6.49,19.80,19.80,22.00
122098,Artistry StudioTM 2-in-1 Eye Stick- Brooklyn Brown,6.50,19.50,19.50,26.00,6.49,19.80,19.80,22.00
122099,Artistry StudioTM Illuminating Light Up Compact,8.75,26.25,26.25,35.00,8.56,26.10,26.10,29.00
123025,Artistry StudioTM Lipstick Crayon Rose Goddess,5.75,17.25,17.25,23.00,5.68,17.33,17.33,19.25
123026,Artistry StudioTM Lipstick Crayon Ruby Goddess,5.75,17.25,17.25,23.00,5.68,17.33,17.33,19.25
123027,Artistry StudioTM Lipstick Crayon Spiced Goddess,5.75,17.25,17.25,23.00,5.68,17.33,17.33,19.25
123028,Artistry StudioTM Lipstick Crayon Sunset Goddess,5.75,17.25,17.25,23.00,5.68,17.33,17.33,19.25
123029,Artistry StudioTM Lipstick Crayon Fuchsia Goddes,5.75,17.25,17.25,23.00,5.68,17.33,17.33,19.25
123030,Artistry StudioTM FA19 Essential Oil Balm,5.75,17.25,17.25,23.00,5.68,17.33,17.33,19.25
123031,Artistry StudioTM Shimmering Eyeshadow Gold Crus,5.75,17.25,17.25,23.00,5.68,17.33,17.33,19.25
123032,Artistry StudioTM Shimmering Eyeshadow Smoky Nig,5.75,17.25,17.25,23.00,5.68,17.33,17.33,19.25
123033,Artistry StudioTM Shimmering Eyeshadow Silver Vi,5.75,17.25,17.25,23.00,5.68,17.33,17.33,19.25
123034,Artistry StudioTM Kajal Pencil Emerald Garden,6.50,19.50,19.50,26.00,6.49,19.80,19.80,22.00
123035,Artistry StudioTM Kajal Pencil Gilded Amethyst,6.50,19.50,19.50,26.00,6.49,19.80,19.80,22.00
123037,Artistry StudioTM Face & Body Shimmer Gel,7.50,22.50,22.50,30.00,7.38,22.50,22.50,25.00
123038,Artistry StudioTM Mascara Base Primer,4.50,13.50,13.50,18.00,4.43,13.50,13.50,15.00
SKU,Product Name by Product Category,Previous PV,Previous BV,Previous IBOC,"Previous RetailPrice","September 2020PV","September 2020BV","September 2020IBOC","September 2020Retail Price"
123137,Artistry StudioTM On The Go Palette,11.75,35.25,35.25,47.00,11.51,35.10,35.10,39.00
122579,Artistry StudioTM Cheek & Lip Duo - Polaris Pink,5.75,17.25,17.25,23.00,5.68,17.33,17.33,19.25
122581,Artistry StudioTM Cheek & Lip Duo - Pantheon Peach,5.75,17.25,17.25,23.00,5.68,17.33,17.33,19.25
122582,Artistry StudioTM Liquid Lipstick – Bastille Berries,5.00,15.00,15.00,20.00,4.94,15.08,15.08,16.75
122583,Artistry StudioTM Liquid Lipstick – Louvre Lilac,5.00,15.00,15.00,20.00,4.94,15.08,15.08,16.75
122584,Artistry StudioTM Liquid Lipstick – Mona Lisa Melon,5.00,15.00,15.00,20.00,4.94,15.08,15.08,16.75
122585,Artistry StudioTM Liquid Lipstick – Notre Dame Nude,5.00,15.00,15.00,20.00,4.94,15.08,15.08,16.75
122587,Artistry StudioTM Makeup Setting Spray,5.75,17.25,17.25,23.00,5.68,17.33,17.33,19.25
122586,Artistry StudioTM Café Chocolate,5.50,16.50,16.50,22.00,5.39,16.43,16.43,18.25
122597,Artistry StudioTM Crème Caramel,5.50,16.50,16.50,22.00,5.39,16.43,16.43,18.25
123030,Artistry StudioTM Essential Oil On-the-Go Scented Balms,5.75,17.25,17.25,23.00,5.68,17.33,17.33,19.25
123816,Artistry StudioTM Eye & Lip Beauty Box - Kabuki Pop,9.56,29.25,29.25,39.00,9.74,29.70,29.70,33.00
123817,Artistry StudioTM Eye & Lip Beauty Box - Kabuki Glam,9.56,29.25,29.25,39.00,9.74,29.70,29.70,33.00
123818,Artistry StudioTM Power Brow Pen - Ginza Cocoa,5.64,17.25,17.25,23.00,5.68,17.33,17.33,19.25
123819,Artistry StudioTM Oh-So-Cheeky Blusher - Kimono Coral,5.88,18.00,18.00,24.00,5.90,18.00,18.00,20.00
123820,Artistry StudioTM Oh-So-Cheeky Blusher - Kimono Nude,5.88,18.00,18.00,24.00,5.90,18.00,18.00,20.00
123821,Artistry StudioTM Oh-So-Cheeky Blusher - Kimono Pink,5.88,18.00,18.00,24.00,5.90,18.00,18.00,20.00
123822,Artistry StudioTM Jelly Plumping Lip Tint - Sakura,5.39,16.50,16.50,22.00,5.39,16.43,16.43,18.25
123823,Artistry StudioTM Jelly Plumping Lip Tint - Persimmon,5.39,16.50,16.50,22.00,5.39,16.43,16.43,18.25
123824,Artistry StudioTM Oh-So-Colorful Mascara - Harajuku Brown,5.64,17.25,17.25,23.00,5.68,17.33,17.33,19.25
123825,Artistry StudioTM Oh-So-Colorful Mascara - Harajuku Blue,5.64,17.25,17.25,23.00,5.68,17.33,17.33,19.25
123826,Artistry StudioTM Power Brow Pen - Ginza Chai Latte,5.64,17.25,17.25,23.00,5.68,17.33,17.33,19.25
123827,Artistry StudioTM Correct & Perfect Face Compact - Shibuya Light (with Green and Lilac),11.03,33.75,33.75,45.00,11.21,34.20,34.20,38.00
123828,Artistry StudioTM Correct & Perfect Face Compact - Shibuya Light Medium (with Green and Lilac),11.03,33.75,33.75,45.00,11.21,34.20,34.20,38.00
123829,Artistry StudioTM Correct & Perfect Face Compact - Shibuya Medium (with Green and Lilac),11.03,33.75,33.75,45.00,11.21,34.20,34.20,38.00
123830,Artistry StudioTM Correct & Perfect Face Compact - Shibuya Medium Deep (with Green and Peach),11.03,33.75,33.75,45.00,11.21,34.20,34.20,38.00
123831,Artistry StudioTM Correct & Perfect Face Compact - Shibuya Deep (with Green and Peach),11.03,33.75,33.75,45.00,11.21,34.20,34.20,38.00
124356,Artistry StudioTM Soft & Silky Eye & Cheek Pop Trio - Shanghai Nudes,New,8.56,26.10,26.10,29.00,,,
124355,Artistry StudioTM Soft & Silky Eye & Cheek Pop Trio - Shanghai Starlight,New,8.56,26.10,26.10,29.00,,,
124354,Artistry StudioTM Soft & Silky Eye & Cheek Pop Trio - Shanghai Peach,New,8.56,26.10,26.10,29.00,,,
124367,Artistry StudioTM Eau de Toilette Rollerball - Plum Blossom & Vanilla Musk,New,6.49,19.80,19.80,22.00,,,
124366,Artistry StudioTM Eau de Toilette Rollerball - Nectar Blossom & Pomelo,New,6.49,19.80,19.80,22.00,,,
124365,Artistry StudioTM Eau de Toilette Rollerball - Lotus Blossom & Violet,New,6.49,19.80,19.80,22.00,,,
124362,Artistry StudioTM Light Up Silky Matte Lip Color - Berry Red,New,5.16,15.75,15.75,17.50,,,
124361,Artistry StudioTM Light Up Silky Matte Lip Color - Spice Red,New,5.16,15.75,15.75,17.50,,,
124360,Artistry StudioTM Light Up Silky Matte Lip Color - Rose Red,New,5.16,15.75,15.75,17.50,,,
124359,Artistry StudioTM Light Up Silky Matte Lip Color - Cherry Red,New,5.16,15.75,15.75,17.50,,,
124352,Artistry StudioTM Liquid Pen Pop Eyeliner - Silk Noir,New,6.20,18.90,18.90,21.00,,,
124351,Artistry StudioTM Liquid Pen Pop Eyeliner - Silk Slate,New,6.20,18.90,18.90,21.00,,,
124350,Artistry StudioTM Liquid Pen Pop Eyeliner - Silk Sapphire,New,6.20,18.90,18.90,21.00,,,
BEAUTY OTHER CATEGORY,,,,,,,,,
110858,ArtistryTM 6-Piece Brush Set,20.00,60.00,60.00,80.00,19.77,60.30,60.30,67.00
116104,Artistry Exact FitTM Powder Applicator,0.60,1.80,1.80,2.00,0.59,1.80,1.80,2.00
119630,Artistry Flora ChicTM Eau de Parfum,22.40,67.20,67.20,84.00,22.13,67.50,67.50,75.00
120549,Artistry Men unknownTM Eau de Parfum,20.00,60.00,60.00,75.00,19.77,60.30,60.30,67.00
291419,ArtistryTM Beach Beauty Bundle,New,19.55,59.63,67.63,74.25,,,
273016,Truvivity by NutriliteTM Hydrating System,26.73,80.20,80.20,98.60,26.33,80.32,80.32,89.25
PERSONAL CA,,,,,,,,,
123860,Aristry Signature SelectTM Polishing Body Scrub,New,8.85,27.00,27.00,30.00,,,
123861,Aristry Signature SelectTM Firming Body Lotion,New,11.21,34.20,34.20,38.00,,,
123859,Aristry Signature SelectTM Purifying Body Cleanser,New,7.67,23.40,23.40,26.00,,,
123858,Aristry Signature SelectTM Hydrating Body Gel,New,6.79,20.70,20.70,23.00,,,
123862,Aristry Signature SelectTM Brightening Body Cream,New,9.15,27.90,27.90,31.00,,,
123746,G&H Soothe+ For Men Foaming Shave Gel,3.47,10.40,10.40,13.00,3.39,10.35,10.35,11.50
123747,G&H Soothe+ For Men After Shave Balm,4.00,12.00,12.00,15.00,3.91,11.93,11.93,13.25
122591,Artistry StudioTM Glittering Body Jelly,5.20,15.60,15.60,19.50,5.09,15.53,15.53,17.25
122592,Artistry StudioTM Multi-Purpose Dry Oil Spray,6.93,20.80,20.80,26.00,6.79,20.70,20.70,23.00
115304,SatiniqueTM 2 in 1 Shampoo and Conditioner,2.80,8.40,8.40,10.50,2.73,8.33,8.33,9.25
116510,SatiniqueTM 2 in 1 Shampoo and Conditioner (750ml),5.60,16.80,16.80,21.00,5.53,16.88,16.88,18.75
110670,SatiniqueTM Andi-Dandruff Shampoo,2.93,8.80,8.80,11.00,2.88,8.78,8.78,9.75
116823,SatiniqueTM Anti-Hairfall Conditioner,2.93,8.80,8.80,11.00,2.88,8.78,8.78,9.75
110659,SatiniqueTM Anti-Hairfall Shampoo,2.93,8.80,8.80,11.00,2.88,8.78,8.78,9.75
110671,SatiniqueTM Color Repair Conditioner,2.93,8.80,8.80,11.00,2.88,8.78,8.78,9.75
114949,SatiniqueTM Color Repair Conditioner (750ml),5.87,17.60,17.60,22.00,5.75,17.55,17.55,19.50
110663,SatiniqueTM Color Repair Shampoo,2.93,8.80,8.80,11.00,2.88,8.78,8.78,9.75
114948,SatiniqueTM Color Repair Shampoo (750ml),5.87,17.60,17.60,22.00,5.75,17.55,17.55,19.50
110684,SatiniqueTM Dual Defend Spray,4.80,14.40,14.40,18.00,4.72,14.40,14.40,16.00
110667,SatiniqueTM Extra Volume Conditioner,2.67,8.00,8.00,10.00,2.66,8.10,8.10,9.00
114945,SatiniqueTM Extra Volume Conditioner (750ml),5.33,16.00,16.00,20.00,5.24,15.98,15.98,17.75
"",,,,,,Previous Retail,September 2020,September 2020,September 2020,September 2020
SKU,,Product Name by Product Category,Previous PV,Previous BV,Previous IBOC,,,,,
"",,,,,,Price,PV,BV,IBOC,Retail Price
110657,SatiniqueTM Extra Volume Shampoo,,2.67,8.00,8.00,10.00,2.66,8.10,8.10,9.00
114944,SatiniqueTM Extra Volume Shampoo (750ml),,5.33,16.00,16.00,20.00,5.24,15.98,15.98,17.75
116822,SatiniqueTM Final Step Finishing Spray,,3.20,9.60,9.60,12.00,3.17,9.68,9.68,10.75
120467,SatiniqueTM Hair Oil Serum,,6.67,20.00,20.00,25.00,6.49,19.80,19.80,22.00
110677,SatiniqueTM Overnight Repair Treatment,,4.80,14.40,14.40,18.00,4.72,14.40,14.40,16.00
119593,SatiniqueTM Revitalizing Mask,,4.80,14.40,14.40,18.00,4.72,14.40,14.40,16.00
110686,SatiniqueTM Scalp Tonic,,6.67,20.00,20.00,25.00,6.49,19.80,19.80,22.00
110685,SatiniqueTM Shine Spray,,4.00,12.00,12.00,15.00,3.91,11.93,11.93,13.25
110664,SatiniqueTM Smooth Moisture Conditioner,,2.67,8.00,8.00,10.00,2.66,8.10,8.10,9.00
110665,SatiniqueTM Smooth Moisture Conditioner (750 ml),,5.33,16.00,16.00,20.00,5.24,15.98,15.98,17.75
110655,SatiniqueTM Smooth Moisture Shampoo,,2.67,8.00,8.00,10.00,2.66,8.10,8.10,9.00
110656,SatiniqueTM Smooth Moisture Shampoo (750ml),,5.33,16.00,16.00,20.00,5.24,15.98,15.98,17.75
110676,SatiniqueTM Straightening Balm,,4.00,12.00,12.00,15.00,3.91,11.93,11.93,13.25
114954,SatiniqueTM Styling Cream,,4.00,12.00,12.00,15.00,3.91,11.93,11.93,13.25
110675,SatiniqueTM Texturing Matte Wax,,4.00,12.00,12.00,15.00,3.91,11.93,11.93,13.25
761531,Body Blends for Men Hair Putty-Xtreme Live on the Edge,,4.52,14.40,14.40,18.00,4.72,14.40,14.40,16.00
123746,G&H Soothe+ For Men Foaming Shave Gel,,3.47,10.40,10.40,13.00,3.39,10.35,10.35,11.50
123747,G&H Soothe+ For Men After Shave Balm,,4.00,12.00,12.00,15.00,3.91,11.93,11.93,13.25
118102,"G&H Nourish+TM Body Lotion, 400 mL",,3.47,10.40,10.40,13.00,3.39,10.35,10.35,11.50
123396,"G&H Nourish+TM Body Wash, 1L",,6.40,19.20,19.20,24.00,6.20,18.90,18.90,21.00
118107,"G&H Nourish+TM Body Wash, 400 mL",,2.80,8.80,8.80,11.00,2.88,8.78,8.78,9.75
118112,G&H Nourish+TM Complexion Bar,,2.40,7.20,7.20,9.00,2.36,7.20,7.20,8.00
118114,"G&H Nourish+TM Hand Cream, Three 30 mL Tubes",,3.83,11.48,11.48,13.50,3.76,11.48,11.48,12.75
118116,"G&H Protect+TM Bar Soap, Six 150g Bars",,6.40,19.20,19.20,24.00,6.20,18.90,18.90,21.00
123398,"G&H Protect+TM Concentrated Hand Soap, 1L",,6.93,20.80,20.80,26.00,6.79,20.70,20.70,23.00
118117,"G&H Protect+TM Concentrated Hand Soap, 250 mL",,2.27,7.20,7.20,9.00,2.36,7.20,7.20,8.00
118120,"G&H Protect+TM Deodorant & Anti-Perspirant Roll-On, 100 mL",,2.13,6.40,6.40,8.00,2.07,6.30,6.30,7.00
118104,"G&H Refresh+TM Body Milk, 400 mL",,3.47,10.40,10.40,13.00,3.39,10.35,10.35,11.50
123397,"G&H Refresh+TM Body Wash - Gel, 1L",,6.40,19.20,19.20,24.00,6.20,18.90,18.90,21.00
118110,"G&H Refresh+TM Body Wash – Gel, 400 mL",,2.80,8.80,8.80,11.00,2.88,8.78,8.78,9.75
298153,G&H Protect+TM Aluminum-Free Deodorant,,2.70,8.10,8.10,9.00,2.66,8.10,8.10,9.00
125056,G&H Protect+TM Advanced Hand Sanitizer,,3.00,9.00,9.00,10.00,2.95,9.00,9.00,10.00
100957,GlisterTM Advanced Toothbrush,,3.47,10.40,10.40,13.00,3.39,10.35,10.35,11.50
E9530,GlisterTM Multi-action Fluoride Toothpaste,,1.20,3.60,3.60,4.50,1.18,3.60,3.60,4.00
E9529,GlisterTM Multi-action Oral Rinse,,2.80,8.40,8.40,10.50,2.73,8.33,8.33,9.25
120351,GlisterTM Refresher Spray,,1.56,4.68,4.68,5.50,1.55,4.73,4.73,5.25
122875,GlisterTM Travel Toothpaste,,4.80,14.40,14.40,18.00,4.72,14.40,14.40,16.00
109849,Amway HomeTM SA8TM Laundry Detergent,10.40,32.80,32.80,41.00,10.62,32.40,32.40,36.00
109867,Amway HomeTM Automatic Dish Tablets,5.87,17.60,17.60,22.00,5.75,17.55,17.55,19.50
110403,Amway HomeTM Prewash Spray,3.73,11.20,11.20,14.00,3.69,11.25,11.25,12.50
110478,Amway HomeTM SA8TM Laundry Detergent - Floral,10.20,30.60,30.60,36.00,10.03,30.60,30.60,34.00
110480,Amway HomeTM Fabric Softener – Floral,2.53,7.60,7.60,9.50,2.51,7.65,7.65,8.50
110485,Amway HomeTM L.O.C.TM Multi-Purpose Wipes,3.40,10.20,10.20,12.00,3.32,10.13,10.13,11.25
110488,Amway HomeTM Dish DropsTM Dishwashing Liquid,4.00,12.00,12.00,15.00,3.91,11.93,11.93,13.25
110490,Amway HomeTM Scrub BudsTM Scouring Pads,1.33,4.00,4.00,5.00,1.33,4.05,4.05,4.50
112532,Amway HomeTM SA8TM Laundry Detergent – Floral,2.83,8.50,8.50,10.00,2.80,8.55,8.55,9.50
112536,Amway HomeTM Kitchen Cleaner Refill,4.00,12.00,12.00,15.00,3.91,11.93,11.93,13.25
112537,Amway HomeTM Glass Cleaner Refill,4.00,12.00,12.00,15.00,3.91,11.93,11.93,13.25
112546,Amway HomeTM Bathroom Cleaner Refill,4.00,12.00,12.00,15.00,3.91,11.93,11.93,13.25
117774,Amway HomeTM All Fabric Bleach,6.93,20.80,20.80,26.00,6.79,20.70,20.70,23.00
117780,Amway HomeTM Fabric Softener - Floral,8.00,24.00,24.00,30.00,7.97,24.30,24.30,27.00
119888,Amway HomeTM Intro Bundle,32.17,96.50,96.50,116.00,31.57,96.30,96.30,107.00
E0001,Amway HomeTM L.O.C.TM Multi-Purpose Cleaner,2.67,8.00,8.00,10.00,2.66,8.10,8.10,9.00
E0023,PursueTM Disinfectant Deodorizer Spray,2.53,7.60,7.60,9.50,2.51,7.65,7.65,8.50
E3878,PursueTM Disinfectant Cleaner,3.20,9.60,9.60,12.00,3.17,9.68,9.68,10.75
107890,Amway HomeTM Dish DropsTM Pump Dispenser,1.65,4.95,4.95,5.50,1.62,4.95,4.95,5.50
116798,Amway HomeTM Spray Bottle,1.35,4.05,4.05,4.50,1.33,4.05,4.05,4.50
103972,1L Dispenser Pump,0.75,2.25,2.25,2.50,0.74,2.25,2.25,2.50
297229,Amway HomeTM Spotless Dish Bundle,11.20,33.60,36.60,45.00,10.90,33.26,36.23,40.25
100186,eSpringTM Water Purifier Replacement Cartridge with UV technology,62.50,187.50,187.50,250.00,61.38,187.20,187.20,208.00
100188,eSpringTM UV Water Purifier Above Counter Unit with Existing Faucet Kit,312.50,937.50,937.50,"1,250.00",307.48,937.80,937.80,"1,042.00"
100189,eSpringTM UV Water Purifier Below Counter Unit with Auxiliary Faucet Kit,312.50,937.50,937.50,"1,250.00",307.48,937.80,937.80,"1,042.00"
100662,eSpringTM Faucet Diverter Kit (Above Counter),36.00,108.00,108.00,120.00,35.41,108.00,108.00,120.00
100663,eSpringTM (Below Counter) Auxiliary Faucet Kit,36.00,108.00,108.00,120.00,35.41,108.00,108.00,120.00
101078,AtmosphereTM Replacement HEPA Filter,40.75,122.25,122.25,163.00,40.13,122.40,122.40,136.00
101082,iCookTM 4-Piece Saucepan Set with Lids,75.00,225.00,225.00,300.00,73.77,225.00,225.00,250.00
"",,,,,Previous Retail,September 2020,September 2020,September 2020,September 2020
SKU,Product Name by Product Category,Previous PV,Previous BV,Previous IBOC,,,,,
"",,,,,Price,PV,BV,IBOC,Retail Price
101083,iCookTM 6-Piece Nonstick Frypan Set with Tempered Glass Lids,128.75,386.25,386.25,515.00,126.59,386.10,386.10,429.00
101084,iCookTM 5-piece Sauté Pan Set,122.00,366.00,366.00,488.00,120.10,366.30,366.30,407.00
101085,iCookTM 4-Piece 4-Quart Stock Pot,80.50,241.50,241.50,322.00,79.08,241.20,241.20,268.00
101086,iCookTM 6-Piece 8-Quart Dutch Oven,115.50,346.50,346.50,462.00,113.61,346.50,346.50,385.00
101087,iCookTM 12-in. Nonstick Frypan with Tempered Glass Lid,50.00,150.00,150.00,200.00,49.28,150.30,150.30,167.00
101398,eSpringTM Single Line Faucet / Ice Maker Conversion Kit,36.00,108.00,108.00,120.00,35.41,108.00,108.00,120.00
102709,iCookTM Knifeware Set,124.75,374.25,374.25,499.00,122.75,374.40,374.40,416.00
102715,iCookTM Multipurpose Shears,16.25,48.75,48.75,65.00,15.93,48.60,48.60,54.00
105084,iCookTM Wok,115.00,345.00,345.00,460.00,113.02,344.70,344.70,383.00
110194,eSpringTM Carbon Water System Replacement Cartridge,30.00,90.00,90.00,120.00,29.51,90.00,90.00,100.00
110720,eSpringTM UV Water Purifier Below Counter Unit with Single Line Faucet Kit,312.50,937.50,937.50,"1,250.00",307.48,937.80,937.80,"1,042.00"
110192,eSpringTM Carbon Water System Replacement Filter Cartridge (Applies only to units without an electrical plug),115.65,351.00,410.81,632.00,135.26,350.65,410.40,456.00
118040,AtmosphereTM Replacement Carbon (Odor) Filter,28.50,85.50,85.50,114.00,28.03,85.50,85.50,95.00
118384,eSpringTM UV Water Purifier – Below Counter with Designer Polished Chrome Faucet Kit,362.50,"1,087.50","1,087.50","1,450.00",356.76,"1,088.10","1,088.10","1,209.00"
120231,iCookTM 19-piece All Stainless Steel Set,373.35,"1,120.05","1,120.05","1,493.40",367.23,"1,120.04","1,120.04","1,244.50"
120232,iCookTM 25-Piece Cookware Set,469.57,"1,408.72","1,408.72","1,878.30",461.83,"1,408.59","1,408.59","1,565.10"
120539,Atmosphere SkyTM Air Treatment System,441.67,"1,325.00","1,325.00","1,770.00",434.36,"1,324.80","1,324.80","1,472.00"
120540,Atmosphere SkyTM Replacement HEPA Filter,48.75,146.25,146.25,195.00,48.10,146.70,146.70,163.00
120541,Atmosphere SkyTM Replacement Carbon (Odor) Filter,34.00,102.00,102.00,136.00,33.34,101.70,101.70,113.00
